{
  "id": "1948852",
  "name": "千荣商贸0710",
  "font_family": "iconfont",
  "css_prefix_text": "icon-",
  "description": "",
  "glyphs": [
    {
      "icon_id": "6282785",
      "name": "验证码",
      "font_class": "yanzhengma",
      "unicode": "e6bf",
      "unicode_decimal": 59071
    },
    {
      "icon_id": "7463953",
      "name": "加号",
      "font_class": "tianjia",
      "unicode": "e62d",
      "unicode_decimal": 58925
    },
    {
      "icon_id": "15282651",
      "name": "地址",
      "font_class": "dizhi",
      "unicode": "e6c0",
      "unicode_decimal": 59072
    },
    {
      "icon_id": "15346605",
      "name": "投诉",
      "font_class": "tousu",
      "unicode": "e6a9",
      "unicode_decimal": 59049
    },
    {
      "icon_id": "997738",
      "name": "手机",
      "font_class": "shouji",
      "unicode": "e625",
      "unicode_decimal": 58917
    },
    {
      "icon_id": "6692356",
      "name": "密码",
      "font_class": "mima",
      "unicode": "e665",
      "unicode_decimal": 58981
    },
    {
      "icon_id": "7956705",
      "name": "支付密码",
      "font_class": "zhifumima",
      "unicode": "e7f8",
      "unicode_decimal": 59384
    },
    {
      "icon_id": "8441869",
      "name": "用户",
      "font_class": "yonghu",
      "unicode": "e606",
      "unicode_decimal": 58886
    },
    {
      "icon_id": "219614",
      "name": "上",
      "font_class": "shang",
      "unicode": "e609",
      "unicode_decimal": 58889
    },
    {
      "icon_id": "995862",
      "name": "下一步",
      "font_class": "jiufuqianbaoicon07",
      "unicode": "e694",
      "unicode_decimal": 59028
    },
    {
      "icon_id": "1546595",
      "name": "下拉",
      "font_class": "xiala2",
      "unicode": "e698",
      "unicode_decimal": 59032
    },
    {
      "icon_id": "1695802",
      "name": "查找",
      "font_class": "hricon33",
      "unicode": "e600",
      "unicode_decimal": 58880
    },
    {
      "icon_id": "6405115",
      "name": "客服_留言",
      "font_class": "kefu_liuyan",
      "unicode": "e6f0",
      "unicode_decimal": 59120
    },
    {
      "icon_id": "11494980",
      "name": "返回",
      "font_class": "fanhui",
      "unicode": "e65f",
      "unicode_decimal": 58975
    },
    {
      "icon_id": "6721961",
      "name": "下三角",
      "font_class": "lower-triangle",
      "unicode": "e601",
      "unicode_decimal": 58881
    },
    {
      "icon_id": "12756744",
      "name": "转发 发送-3",
      "font_class": "zhuanfafasong-",
      "unicode": "e644",
      "unicode_decimal": 58948
    }
  ]
}
